Date,Open,High,Low,Close,Adj Close,Volume
01-04-2015,188.699997,192.300003,186.050003,187.589996,187.589996,3794600
02-04-2015,190.229996,193.229996,190,191,191,5010400
06-04-2015,198,207.75,197.5,203.100006,203.100006,12455800
07-04-2015,202.509995,205.059998,201.139999,203.25,203.25,4347900
08-04-2015,208.199997,210.899994,205.869995,207.669998,207.669998,6303100
09-04-2015,208.429993,210.369995,206.119995,210.089996,210.089996,3800200
10-04-2015,209.850006,211.649994,209,210.899994,210.899994,4067700
13-04-2015,210.440002,213,209.050003,209.779999,209.779999,3758200
14-04-2015,208.570007,209.490005,205.5,207.460007,207.460007,3026000
15-04-2015,207.460007,209.589996,206.600006,207.830002,207.830002,1952400
16-04-2015,207.699997,209.169998,206.289993,206.699997,206.699997,1659100
17-04-2015,204.990005,206.880005,203.5,206.789993,206.789993,2469900
20-04-2015,206.779999,207.850006,203.850006,205.270004,205.270004,2559300
21-04-2015,205.800003,210.75,204.309998,209.410004,209.410004,3432500
22-04-2015,212.5,221.880005,211.690002,219.440002,219.440002,7863000
23-04-2015,218.270004,221.479996,217.149994,218.600006,218.600006,4411200
24-04-2015,220.5,220.800003,218.009995,218.429993,218.429993,2427800
27-04-2015,222.559998,238.75,222,231.550003,231.550003,11672600
28-04-2015,234.75,235.5,228.029999,230.479996,230.479996,6085400
04-05-2015,228.179993,234.729996,227.110001,230.509995,230.509995,4434600
05-05-2015,237.759995,239.5,229.130005,232.949997,232.949997,5796900
06-05-2015,234.100006,234.470001,228.199997,230.429993,230.429993,5270900
07-05-2015,221,237.479996,220.25,236.800003,236.800003,9455900
08-05-2015,235.990005,238.410004,233.699997,236.610001,236.610001,4668200
11-05-2015,236.289993,242.880005,235.309998,239.490005,239.490005,5672300
12-05-2015,240.110001,246.350006,238.190002,244.740005,244.740005,6363400
13-05-2015,247.610001,248.300003,242.25,243.179993,243.179993,5440200
14-05-2015,244.820007,244.889999,241.25,244.100006,244.100006,2895900
15-05-2015,243.929993,249.399994,242.5,248.839996,248.839996,4527600
18-05-2015,247,249.899994,246,248.75,248.75,3353200
19-05-2015,248.429993,251,246.149994,247.139999,247.139999,3674200
20-05-2015,247.130005,247.740005,241.369995,244.350006,244.350006,3755600
21-05-2015,243.029999,246.619995,242.360001,245.619995,245.619995,1970600
22-05-2015,245.380005,248.600006,245.009995,247.729996,247.729996,2223100
26-05-2015,247.679993,252,246.5,247.460007,247.460007,3498700
27-05-2015,248.509995,249.5,245.550003,247.429993,247.429993,3408200
28-05-2015,247.029999,251.800003,245.050003,251.449997,251.449997,3647300
29-05-2015,251,252.869995,249.429993,250.800003,250.800003,3789300
01-06-2015,251.410004,251.600006,247.470001,249.449997,249.449997,2505100
02-06-2015,248.919998,249.399994,246.300003,248.350006,248.350006,2134800
03-06-2015,248.199997,250.720001,247.009995,248.990005,248.990005,1781500
04-06-2015,247.5,249.300003,245.710007,245.919998,245.919998,2453600
05-06-2015,246,249.699997,245.679993,249.139999,249.139999,3022000
08-06-2015,250.850006,258.75,250.309998,256.290009,256.290009,5017000
09-06-2015,255.399994,257.73999,254.139999,256,256,2611100
10-06-2015,251.899994,254,248.5,250.699997,250.699997,3454500
11-06-2015,253.259995,254.369995,250.429993,251.410004,251.410004,2044100
12-06-2015,250.210007,253.460007,250.210007,250.690002,250.690002,1422300
15-06-2015,249.699997,251.279999,246.009995,250.380005,250.380005,2186200
16-06-2015,250.130005,253.440002,249.100006,253.119995,253.119995,1984700
17-06-2015,252.169998,264.359985,252.020004,260.410004,260.410004,5512900
18-06-2015,262,263.459991,260.019989,261.890015,261.890015,2782700
19-06-2015,262.399994,263.799988,260.100006,262.51001,262.51001,2463000
22-06-2015,262.149994,264.399994,255.690002,259.790009,259.790009,4561100
23-06-2015,260.320007,268,258.570007,267.670013,267.670013,3870800
24-06-2015,266.980011,267.350006,263.720001,265.170013,265.170013,2412300
25-06-2015,266.450012,271.410004,265.25,268.790009,268.790009,2849200
26-06-2015,268.890015,269.109985,266,267.089996,267.089996,3838400
29-06-2015,261.950012,265.950012,260.700012,262.019989,262.019989,3478900
30-06-2015,264.799988,270.920013,264,268.26001,268.26001,3086900
01-07-2015,271.109985,272.619995,267.850006,269.149994,269.149994,2101200
02-07-2015,280.200012,282.450012,273.309998,280.019989,280.019989,7163900
06-07-2015,278.880005,281.690002,276.299988,279.720001,279.720001,4121900
07-07-2015,275,275.200012,260.769989,267.880005,267.880005,6105100
08-07-2015,259.320007,260.799988,254.309998,254.960007,254.960007,6221100
09-07-2015,259.079987,262.950012,256.790009,257.920013,257.920013,3334100
15-07-2015,266.73999,267.48999,262.079987,263.140015,263.140015,2021600
16-07-2015,264.220001,267.200012,263.160004,266.679993,266.679993,1616000
17-07-2015,272.5,275.540009,268.25,274.660004,274.660004,5004100
20-07-2015,275,286.649994,272.540009,282.26001,282.26001,4978500
21-07-2015,270.049988,273.5,266.549988,266.769989,266.769989,6108700
22-07-2015,261.269989,269.440002,260.859985,267.869995,267.869995,3105000
23-07-2015,269.649994,269.899994,265.269989,267.200012,267.200012,2227200
24-07-2015,267.380005,271.089996,263.920013,265.410004,265.410004,2836500
27-07-2015,262.429993,264.429993,250.789993,253.009995,253.009995,4694200
28-07-2015,255.75,265.399994,251.839996,264.820007,264.820007,3895800
29-07-2015,264.269989,267.890015,262,263.820007,263.820007,2790100
30-07-2015,262.690002,266.940002,262.109985,266.790009,266.790009,2034600
31-07-2015,267.600006,269.359985,265.119995,266.149994,266.149994,2222600
03-08-2015,266.290009,266.709991,257.070007,259.98999,259.98999,2553500
04-08-2015,260.01001,266.720001,258.339996,266.279999,266.279999,2352500
05-08-2015,263.579987,271,260.399994,270.130005,270.130005,6214300
14-08-2015,247.240005,247.929993,241.770004,243.149994,243.149994,4364800
17-08-2015,255.559998,256.589996,250.509995,254.990005,254.990005,7176700
18-08-2015,255.380005,260.950012,253.559998,260.720001,260.720001,4195000
19-08-2015,260.329987,260.649994,255.020004,255.25,255.25,3604300
20-08-2015,252.059998,254.559998,241.899994,242.179993,242.179993,4905800
21-08-2015,236,243.800003,230.509995,230.770004,230.770004,6590200
24-08-2015,202.789993,231.399994,195,218.869995,218.869995,9581600
25-08-2015,230.520004,230.899994,219.119995,220.029999,220.029999,4327300
26-08-2015,227.929993,228,215.509995,224.839996,224.839996,4963000
27-08-2015,231,244.75,230.809998,242.990005,242.990005,7656000
28-08-2015,241.860001,251.449997,241.570007,248.479996,248.479996,5513700
31-08-2015,245.619995,254.949997,245.509995,249.059998,249.059998,4700200
01-09-2015,240.339996,246,236.970001,238.630005,238.630005,5454800
02-09-2015,245.300003,247.880005,239.779999,247.690002,247.690002,4629200
03-09-2015,252.059998,252.080002,245,245.570007,245.570007,4194800
04-09-2015,240.889999,244.089996,238.199997,241.929993,241.929993,3689200
08-09-2015,245.050003,249.160004,244.050003,248.169998,248.169998,3138200
09-09-2015,252.050003,254.25,248.300003,248.910004,248.910004,3390800
10-09-2015,247.229996,250.720001,245.330002,248.479996,248.479996,2709000
11-09-2015,247.639999,250.240005,244.729996,250.240005,250.240005,2350800
14-09-2015,251.100006,254.25,249.669998,253.190002,253.190002,2890900
15-09-2015,252.75,254.600006,249.5,253.570007,253.570007,2933500
16-09-2015,253.039993,262.880005,252.880005,262.25,262.25,4417100
17-09-2015,263.959991,265.5,260.690002,262.070007,262.070007,3585800
18-09-2015,257.959991,263.820007,257.5,260.619995,260.619995,3763100
21-09-2015,263.980011,271.570007,255.800003,264.200012,264.200012,6120200
22-09-2015,259.029999,262.649994,255.869995,260.940002,260.940002,3664400
23-09-2015,261.950012,262.079987,257.579987,261.059998,261.059998,2600800
24-09-2015,259.529999,263.450012,256.209991,263.119995,263.119995,3448200
25-09-2015,266.609985,266.910004,256.149994,256.910004,256.910004,3773400
28-09-2015,257.350006,259.790009,246.610001,248.429993,248.429993,4901100
29-09-2015,250.460007,254.729996,245.460007,246.649994,246.649994,3703200
30-09-2015,252,252.399994,242.339996,248.399994,248.399994,4929600
01-10-2015,247.509995,248.5,237.130005,239.880005,239.880005,4573000
02-10-2015,235.600006,247.699997,234.929993,247.570007,247.570007,4424000
05-10-2015,248.839996,249.839996,244.130005,246.149994,246.149994,3689900
06-10-2015,240,243.029999,235.580002,241.460007,241.460007,5225200
07-10-2015,236.630005,237.699997,229.119995,231.960007,231.960007,6814000
08-10-2015,230.080002,230.720001,221.309998,226.720001,226.720001,6133200
09-10-2015,220.929993,224.369995,218.360001,220.690002,220.690002,6158400
12-10-2015,222.990005,223,215.270004,215.580002,215.580002,3836300
13-10-2015,213.279999,222.520004,211.130005,219.25,219.25,5171500
14-10-2015,220.669998,220.949997,215.429993,216.880005,216.880005,3104400
15-10-2015,216.429993,221.729996,213.699997,221.309998,221.309998,2844200
16-10-2015,223.039993,230.479996,222.869995,227.009995,227.009995,4334500
19-10-2015,226.5,231.149994,224.940002,228.100006,228.100006,2507900
20-10-2015,227.720001,228.600006,202,213.029999,213.029999,14900000
21-10-2015,211.990005,214.809998,208.800003,210.089996,210.089996,4151500
02-11-2015,208.919998,215.800003,207.220001,213.789993,213.789993,3927900
03-11-2015,213.850006,214.440002,207.75,208.350006,208.350006,8332500
04-11-2015,227,232.740005,225.199997,231.630005,231.630005,12726400
05-11-2015,230.580002,234.580002,229.190002,231.770004,231.770004,4496800
06-11-2015,230.699997,233.360001,229.5,232.360001,232.360001,2445300
09-11-2015,232.990005,232.990005,224.309998,225.330002,225.330002,3850900
12-11-2015,217.850006,219,212.660004,212.940002,212.940002,2915900
13-11-2015,212.949997,212.990005,206.520004,207.190002,207.190002,3430300
16-11-2015,206.089996,214.979996,205.800003,214.309998,214.309998,2925400
17-11-2015,215.199997,216,211.399994,214,214,2148700
18-11-2015,214.5,221.380005,212.520004,221.070007,221.070007,2811900
19-11-2015,220.539993,226.190002,220.300003,221.800003,221.800003,2504400
20-11-2015,223.490005,225,213.580002,220.009995,220.009995,4400700
23-11-2015,217.350006,219.179993,214.679993,217.75,217.75,2526200
24-11-2015,215.369995,221,215,218.25,218.25,2480300
25-11-2015,221.339996,230.830002,220.380005,229.639999,229.639999,3990800
27-11-2015,231.059998,232.25,227.009995,231.610001,231.610001,1949400
03-12-2015,235.479996,237.449997,230,232.710007,232.710007,2939600
10-12-2015,224.710007,228.490005,223.639999,227.070007,227.070007,2071700
21-12-2015,231.690002,235.830002,231.080002,232.559998,232.559998,1953200
22-12-2015,234.990005,236.550003,229.630005,229.949997,229.949997,1961500
23-12-2015,232.179993,233.449997,228.130005,229.699997,229.699997,1555000
24-12-2015,230.559998,231.880005,228.279999,230.570007,230.570007,708000
28-12-2015,231.490005,231.979996,225.539993,228.949997,228.949997,1901300
29-12-2015,230.059998,237.720001,229.550003,237.190002,237.190002,2406300
30-12-2015,236.600006,243.630005,235.669998,238.089996,238.089996,3697900
31-12-2015,238.509995,243.449997,238.369995,240.009995,240.009995,2715000
04-01-2016,230.720001,231.380005,219,223.410004,223.410004,6827100
05-01-2016,226.360001,226.889999,220,223.429993,223.429993,3186800
06-01-2016,220,220.050003,215.979996,219.039993,219.039993,3779100
21-01-2016,201.550003,203.229996,195.020004,199.970001,199.970001,3166200
22-01-2016,204.800003,205.5,199.029999,202.550003,202.550003,3124100
25-01-2016,200.059998,203.570007,195.880005,196.380005,196.380005,2698700
26-01-2016,196.699997,197.820007,188.880005,193.559998,193.559998,4964200
27-01-2016,192.380005,193.259995,185.770004,188.070007,188.070007,3617200
28-01-2016,190.789993,191.279999,182.410004,189.699997,189.699997,4592800
29-01-2016,189.949997,193.740005,188.080002,191.199997,191.199997,2852300
01-02-2016,188.759995,199.520004,182.75,196.940002,196.940002,5297600
03-02-2016,183.589996,183.940002,170.179993,173.479996,173.479996,7931400
04-02-2016,170.699997,175.979996,166.990005,175.330002,175.330002,4385400
12-02-2016,155,157.009995,143.699997,151.039993,151.039993,7235800
17-02-2016,159,169.339996,156.679993,168.679993,168.679993,5825200
18-02-2016,172.419998,172.949997,164.770004,166.770004,166.770004,3887600
19-02-2016,163.660004,167.490005,162.5,166.580002,166.580002,2959400
22-02-2016,170.119995,178.910004,169.850006,177.740005,177.740005,5060100
23-02-2016,176.160004,181.729996,173.679993,177.210007,177.210007,5984400
24-02-2016,172.75,179.5,167.839996,179,179,5395600
25-02-2016,178.649994,188.520004,175.199997,187.429993,187.429993,5750700
26-02-2016,188.699997,192,185,190.339996,190.339996,6065100
29-02-2016,192.399994,196.350006,189.220001,191.929993,191.929993,4499000
01-03-2016,194.25,195.949997,182.699997,186.350006,186.350006,6712200
02-03-2016,183.729996,188.520004,181.5,188.339996,188.339996,4862400
07-03-2016,197.679993,209.699997,197.399994,205.289993,205.289993,5329400
08-03-2016,203.5,207.5,202.199997,202.600006,202.600006,4178700
09-03-2016,204.520004,209.369995,202.789993,208.720001,208.720001,3208600
10-03-2016,210,213.289993,200.669998,205.179993,205.179993,5192500
11-03-2016,207.929993,209.419998,205.330002,207.5,207.5,3343100
14-03-2016,212.649994,216.720001,210.639999,215.149994,215.149994,4065700
15-03-2016,214.270004,218.970001,211.5,218.339996,218.339996,3180500
18-03-2016,229.100006,234.479996,228.059998,232.740005,232.740005,4711800
21-03-2016,235.339996,239.880005,235,238.320007,238.320007,5307800
22-03-2016,237.210007,238.990005,232.559998,234.240005,234.240005,4316000
23-03-2016,232.369995,234.729996,222.029999,222.580002,222.580002,4948800
24-03-2016,215.779999,228.889999,215,227.75,227.75,4960900
28-03-2016,231.610001,234.809998,225,230.259995,230.259995,3925700
30-03-2016,235.089996,235.5,226.5,226.889999,226.889999,4033000
31-03-2016,229.339996,237.419998,225.009995,229.770004,229.770004,8012900
01-04-2016,244.830002,247.899994,233.25,237.589996,237.589996,15997500
04-04-2016,249.119995,252.119995,243.639999,246.990005,246.990005,13475300
06-04-2016,253.970001,267.73999,253.449997,265.420013,265.420013,11705500
07-04-2016,266.450012,269.339996,254.509995,257.200012,257.200012,8856200
08-04-2016,260.5,260.820007,248.020004,250.070007,250.070007,7363900
11-04-2016,251,258.98999,245.300003,249.919998,249.919998,9161700
14-04-2016,253,256.839996,251.050003,251.860001,251.860001,4132200
15-04-2016,251.309998,254.600006,249.119995,254.509995,254.509995,3752400
18-04-2016,252.229996,258.309998,251.660004,253.880005,253.880005,4271400
19-04-2016,253.119995,254.369995,241.25,247.369995,247.369995,6357500
20-04-2016,246.259995,253.660004,241.5,249.970001,249.970001,5194100
21-04-2016,248.990005,250.899994,246.910004,248.289993,248.289993,2783100
22-04-2016,248.889999,254,245.710007,253.75,253.75,3786300
25-04-2016,253.009995,257.380005,250.759995,251.820007,251.820007,3670300
26-04-2016,252.050003,255.729996,249.389999,253.740005,253.740005,3223800
27-04-2016,252.75,255,249.399994,251.470001,251.470001,3205800
28-04-2016,249.850006,253.429993,247.440002,247.710007,247.710007,2519000
29-04-2016,248.139999,248.429993,237.809998,240.759995,240.759995,5413800
02-05-2016,241.5,243.190002,234.820007,241.800003,241.800003,3843900
03-05-2016,237.360001,238.910004,231.619995,232.320007,232.320007,4302200
04-05-2016,230.289993,234.460007,220.399994,222.559998,222.559998,8700500
05-05-2016,228.460007,228.639999,209.789993,211.529999,211.529999,11254800
06-05-2016,210.869995,216.369995,208.110001,214.929993,214.929993,5685200
09-05-2016,215.720001,216.149994,206.800003,208.919998,208.919998,4776400
10-05-2016,207.550003,209.470001,205,208.690002,208.690002,4070600
11-05-2016,207.589996,215.479996,206.050003,208.960007,208.960007,5161900
12-05-2016,211.440002,211.669998,203.660004,207.279999,207.279999,3650500
13-05-2016,207.779999,211.199997,206.699997,207.610001,207.610001,2822800
16-05-2016,208.149994,213.149994,207.919998,208.289993,208.289993,2949400
17-05-2016,209.050003,209.820007,204.020004,204.660004,204.660004,2843600
18-05-2016,209.149994,215.309998,207.75,211.169998,211.169998,5617500
19-05-2016,213.619995,216.789993,207.300003,215.210007,215.210007,6866300
20-05-2016,216.990005,220.550003,216.350006,220.279999,220.279999,9007100
23-05-2016,219.869995,222.600006,215.860001,216.220001,216.220001,5102500
24-05-2016,216.600006,218.740005,215.179993,217.910004,217.910004,3013800
25-05-2016,217.910004,221.360001,216.509995,219.580002,219.580002,3126800
26-05-2016,220.5,225.259995,219.050003,225.119995,225.119995,4072400
27-05-2016,224.990005,225.929993,220.75,223.039993,223.039993,3650300
31-05-2016,223.039993,224.75,221.5,223.229996,223.229996,2789000
01-06-2016,221.479996,222.399994,216.889999,219.559998,219.559998,2982700
02-06-2016,219.589996,219.910004,217.110001,218.960007,218.960007,2032800
03-06-2016,220,221.940002,218.009995,218.990005,218.990005,2229000
06-06-2016,218,220.899994,215.449997,220.679993,220.679993,2249500
07-06-2016,222.240005,234.440002,221.520004,232.339996,232.339996,6213600
08-06-2016,233.800003,240.850006,232.610001,235.520004,235.520004,5972000
09-06-2016,234.979996,235.330002,227.059998,229.360001,229.360001,4492100
10-06-2016,227.389999,227.970001,218.419998,218.789993,218.789993,6026600
13-06-2016,219.5,225.770004,217.660004,217.869995,217.869995,4193000
14-06-2016,218.880005,222.199997,212.529999,214.960007,214.960007,3580200
15-06-2016,216.949997,221.899994,215.130005,217.699997,217.699997,2908500
16-06-2016,217.419998,218.039993,213.5,217.929993,217.929993,2440300
17-06-2016,217.809998,219.990005,214.5,215.470001,215.470001,3112600
20-06-2016,219.5,223.75,218.229996,219.699997,219.699997,3555500
21-06-2016,220.679993,222.570007,218.809998,219.610001,219.610001,4529000
28-06-2016,201.889999,204.050003,199.410004,201.789993,201.789993,6212400
29-06-2016,205.130005,211.779999,203,210.190002,210.190002,5994900
30-06-2016,212.970001,213.5,209.020004,212.279999,212.279999,4843100
01-07-2016,206.139999,218.240005,206,216.5,216.5,5400000
06-07-2016,210,215.229996,209,214.440002,214.440002,4919900
07-07-2016,213.100006,218.119995,213.009995,215.940002,215.940002,3612000
11-07-2016,219.960007,226.779999,219.509995,224.779999,224.779999,5429800
12-07-2016,224.100006,227.5,223.220001,224.649994,224.649994,4571300
20-07-2016,226.470001,229.800003,225,228.360001,228.360001,2568500
21-07-2016,226,227.850006,219.100006,220.5,220.5,4428700
22-07-2016,221.990005,224.5,218.880005,222.270004,222.270004,2579700
25-07-2016,222.270004,231.389999,221.369995,230.009995,230.009995,4490700
26-07-2016,227.690002,230,225.300003,229.509995,229.509995,3430000
28-07-2016,227.949997,230.759995,226.600006,230.610001,230.610001,2419100
29-07-2016,230.699997,235.279999,230.240005,234.789993,234.789993,3070800
03-08-2016,227.369995,229.699997,224.210007,225.789993,225.789993,3887800
04-08-2016,225.690002,230.860001,222.050003,230.610001,230.610001,4147000
05-08-2016,230,232,227.399994,230.029999,230.029999,3205200
08-08-2016,228,229.600006,226.089996,226.160004,226.160004,2263600
09-08-2016,226.820007,231.539993,226.649994,229.080002,229.080002,2207800
10-08-2016,228.240005,229.869995,224.619995,225.649994,225.649994,2338300
15-08-2016,226.020004,229.5,224.929993,225.589996,225.589996,2034300
17-08-2016,224.330002,224.830002,222.800003,223.240005,223.240005,1787100
18-08-2016,223.820007,225.660004,222.289993,223.509995,223.509995,1714500
22-08-2016,224.169998,225.110001,222.679993,222.929993,222.929993,2065500
23-08-2016,224.320007,228.490005,222.800003,224.839996,224.839996,4784400
24-08-2016,227.050003,227.149994,222.220001,222.619995,222.619995,2570700
29-08-2016,220.149994,220.399994,215,215.199997,215.199997,3266300
30-08-2016,216.110001,216.110001,210.520004,211.339996,211.339996,3168900
01-09-2016,209.009995,211.100006,200.5,200.770004,200.770004,7943100
06-09-2016,199.020004,203.25,199,202.830002,202.830002,4390600
07-09-2016,205.5,206.5,200.710007,201.710007,201.710007,3640900
09-09-2016,199.089996,199.919998,193.699997,194.470001,194.470001,3757000
12-09-2016,195,201.369995,194.100006,198.300003,198.300003,3715200
16-09-2016,200.419998,205.699997,199,205.399994,205.399994,3107800
19-09-2016,207,209.429993,205,206.339996,206.339996,2299500
21-09-2016,206.369995,207,201.559998,205.220001,205.220001,2633500
23-09-2016,205.990005,210.179993,205.669998,207.449997,207.449997,2905200
26-09-2016,206.5,211,206.5,208.990005,208.990005,2394400
28-09-2016,207.509995,208.25,205.259995,206.270004,206.270004,2088400
29-09-2016,205.600006,207.330002,200.580002,200.699997,200.699997,2727000
06-10-2016,202.460007,204.210007,200.210007,201,201,4703400
07-10-2016,201,201.320007,195.800003,196.610001,196.610001,3493000
10-10-2016,201.350006,204.139999,199.660004,200.949997,200.949997,3316300
14-10-2016,200.660004,201.429993,196.300003,196.509995,196.509995,4269900
18-10-2016,195.990005,199.470001,193.259995,199.100006,199.100006,5680500
19-10-2016,199.740005,206.660004,198.059998,203.559998,203.559998,6991200
21-10-2016,198.600006,201.570007,197.410004,200.089996,200.089996,2943400
24-10-2016,201,203.949997,200.25,202.759995,202.759995,2751600
27-10-2016,211.339996,213.699997,201.649994,204.009995,204.009995,13093700
31-10-2016,202.490005,202.490005,195.809998,197.729996,197.729996,4692300
01-11-2016,198.039993,198.5,188.110001,190.789993,190.789993,7060000
02-11-2016,190.050003,192.699997,187.509995,188.020004,188.020004,4253400
08-11-2016,193.789993,197.490005,191.259995,194.940002,194.940002,3267600
09-11-2016,186.880005,192,183.949997,190.059998,190.059998,8173100
10-11-2016,191.050003,191.610001,180.419998,185.350006,185.350006,6750300
14-11-2016,188,188.25,178.190002,181.449997,181.449997,6552200
15-11-2016,182.779999,186.429993,182.050003,183.770004,183.770004,3902000
17-11-2016,183.490005,189.490005,182.110001,188.660004,188.660004,4887100
18-11-2016,190.649994,193,185,185.020004,185.020004,5210300
21-11-2016,185.039993,188.889999,184.410004,184.520004,184.520004,4361000
28-11-2016,195.479996,199.350006,194.550003,196.119995,196.119995,4529200
29-11-2016,195.559998,196.729996,189.5,189.570007,189.570007,4439300
30-11-2016,191,191.889999,187.5,189.399994,189.399994,3547100
02-12-2016,182.880005,184.880005,180,181.470001,181.470001,4042300
05-12-2016,182.509995,188.889999,182.509995,186.800003,186.800003,4072200
07-12-2016,186.149994,193.399994,185,193.149994,193.149994,5461900
09-12-2016,190.869995,193.839996,190.809998,192.179993,192.179993,2722500
12-12-2016,192.800003,194.419998,191.179993,192.429993,192.429993,2438900
15-12-2016,198.410004,200.740005,197.389999,197.580002,197.580002,3219600
19-12-2016,202.490005,204.449997,199.839996,202.729996,202.729996,3488100
20-12-2016,203.050003,209,202.5,208.789993,208.789993,4689100
21-12-2016,208.449997,212.229996,207.410004,207.699997,207.699997,5207600
23-12-2016,208,213.449997,207.710007,213.339996,213.339996,4670500
27-12-2016,214.880005,222.25,214.419998,219.529999,219.529999,5915700
28-12-2016,221.529999,223.800003,217.199997,219.740005,219.740005,3782500
29-12-2016,218.559998,219.199997,214.119995,214.679993,214.679993,4045000
30-12-2016,216.300003,217.5,211.679993,213.690002,213.690002,4642600
03-01-2017,214.860001,220.330002,210.960007,216.990005,216.990005,5923300
05-01-2017,226.419998,227.479996,221.949997,226.75,226.75,5911700
06-01-2017,226.929993,230.309998,225.449997,229.009995,229.009995,5527900
09-01-2017,228.970001,231.919998,228,231.279999,231.279999,3979500
10-01-2017,232,232,226.889999,229.869995,229.869995,3660000
12-01-2017,229.059998,230.699997,225.580002,229.589996,229.589996,3790200
17-01-2017,236.699997,239.960007,234.369995,235.580002,235.580002,4617500
18-01-2017,236.649994,239.710007,235.580002,238.360001,238.360001,3769000
20-01-2017,245.460007,246,243.009995,244.729996,244.729996,4204300
24-01-2017,250,254.800003,249.649994,254.610001,254.610001,4965500
25-01-2017,257.309998,258.459991,251.800003,254.470001,254.470001,5142600
27-01-2017,251.380005,253,248.520004,252.949997,252.949997,3166300
30-01-2017,252.529999,255.289993,247.100006,250.630005,250.630005,3801100
02-02-2017,248.339996,252.419998,247.710007,251.550003,251.550003,2499800
03-02-2017,251.910004,252.179993,249.679993,251.330002,251.330002,2186700
07-02-2017,258.190002,260,256.420013,257.480011,257.480011,4244800
08-02-2017,257.350006,263.359985,256.200012,262.079987,262.079987,3933000
13-02-2017,270.73999,280.790009,270.51001,280.600006,280.600006,7029600
16-02-2017,277.600006,280,268.5,268.950012,268.950012,7077300
17-02-2017,265.799988,272.890015,264.149994,272.230011,272.230011,6257100
21-02-2017,275.450012,281.399994,274.01001,277.390015,277.390015,5676700
27-02-2017,248.169998,248.360001,242.009995,246.229996,246.229996,11460800
28-02-2017,244.190002,251,243.899994,249.990005,249.990005,6078100
01-03-2017,254.179993,254.850006,249.110001,250.020004,250.020004,4809500
02-03-2017,249.710007,253.279999,248.270004,250.479996,250.479996,3351800
06-03-2017,247.910004,251.699997,247.509995,251.210007,251.210007,3355500
07-03-2017,251.919998,253.889999,248.320007,248.589996,248.589996,3459500
08-03-2017,247,250.070007,245.320007,246.869995,246.869995,3725200
09-03-2017,247.630005,248.660004,243,244.899994,244.899994,3879300
13-03-2017,244.820007,246.850006,242.779999,246.169998,246.169998,3022600
14-03-2017,246.110001,258.119995,246.020004,258,258,7598400
15-03-2017,257,261,254.270004,255.729996,255.729996,5330800
16-03-2017,262.399994,265.75,259.059998,262.049988,262.049988,7132200
20-03-2017,260.600006,264.549988,258.820007,261.920013,261.920013,3614300
21-03-2017,262.829987,264.799988,250.240005,250.679993,250.679993,6908600
22-03-2017,251.559998,255.070007,250.509995,255.009995,255.009995,4059300
24-03-2017,255.699997,263.890015,255.009995,263.160004,263.160004,5647300
28-03-2017,277.019989,280.679993,275,277.450012,277.450012,7987600
30-03-2017,278.040009,282,277.209991,277.920013,277.920013,4148400
31-03-2017,278.730011,279.679993,276.320007,278.299988,278.299988,3294600
04-04-2017,296.890015,304.809998,294.529999,303.700012,303.700012,10134600
05-04-2017,302.040009,304.880005,294.200012,295,295,7880900
06-04-2017,296.880005,301.940002,294.100006,298.700012,298.700012,5520600
10-04-2017,309.149994,313.730011,308.709991,312.390015,312.390015,7664500
11-04-2017,313.380005,313.470001,305.5,308.709991,308.709991,5724600
12-04-2017,306.339996,308.450012,296.320007,296.839996,296.839996,6050700
13-04-2017,296.700012,307.390015,295.299988,304,304,9284600
19-04-2017,302.459991,306.619995,302.109985,305.519989,305.519989,3898000
20-04-2017,306.51001,309.149994,300.230011,302.51001,302.51001,6149400
21-04-2017,302,306.399994,300.420013,305.600006,305.600006,4509800
24-04-2017,309.220001,310.549988,306.019989,308.029999,308.029999,5083500
25-04-2017,308,313.980011,305.859985,313.790009,313.790009,6737700
01-05-2017,314.880005,327.25,314.809998,322.829987,322.829987,8829600
02-05-2017,324,327.660004,316.559998,318.890015,318.890015,5382800
03-05-2017,317.670013,321.529999,310.450012,311.019989,311.019989,7133400
04-05-2017,307.440002,307.769989,290.76001,295.459991,295.459991,14152000
05-05-2017,298,308.549988,296.799988,308.350006,308.350006,8177300
08-05-2017,310.899994,313.790009,305.820007,307.190002,307.190002,7006500
12-05-2017,325.480011,327,321.529999,324.809998,324.809998,4121600
15-05-2017,318.380005,320.200012,312.529999,315.880005,315.880005,7622000
17-05-2017,314.390015,314.630005,305.5,306.109985,306.109985,6711900
18-05-2017,307,313.940002,305.309998,313.059998,313.059998,5653800
19-05-2017,315.5,316.5,310.200012,310.829987,310.829987,4687600
22-05-2017,312.799988,314.369995,306.799988,310.350006,310.350006,4329200
23-05-2017,310.459991,310.730011,303.480011,303.859985,303.859985,4318400
24-05-2017,306.51001,311,305.399994,310.220001,310.220001,5033300
25-05-2017,311.019989,316.970001,307.809998,316.829987,316.829987,5014000
30-05-2017,326,336.279999,325.76001,335.100006,335.100006,7782900
31-05-2017,337.690002,342.890015,335.160004,341.01001,341.01001,9963400
01-06-2017,344,344.880005,337.290009,340.369995,340.369995,7608000
02-06-2017,339.769989,342.880005,335.929993,339.850006,339.850006,5590200
06-06-2017,344.700012,359.48999,339.970001,352.850006,352.850006,11086800
07-06-2017,356.339996,360.5,355.140015,359.649994,359.649994,9398000
08-06-2017,363.75,371.899994,360.220001,370,370,9061500
12-06-2017,357.98999,364.5,350.619995,359.01001,359.01001,10517700
13-06-2017,367.619995,376,366.609985,375.950012,375.950012,11807900
14-06-2017,381.089996,384.25,376.309998,380.660004,380.660004,12818400
15-06-2017,372.5,375.459991,366.48999,375.339996,375.339996,10426500
16-06-2017,377.980011,378.01001,370.100006,371.399994,371.399994,6731000
19-06-2017,375,376.700012,367.799988,369.799988,369.799988,6549300
20-06-2017,376.670013,378.880005,369.730011,372.23999,372.23999,7438700
21-06-2017,374.350006,376.98999,368.019989,376.399994,376.399994,4923200
22-06-2017,377.98999,385,373.570007,382.609985,382.609985,7529800
26-06-2017,386.690002,386.950012,373.100006,377.48999,377.48999,6604100
27-06-2017,376.399994,376.399994,362.019989,362.369995,362.369995,6996400
28-06-2017,366.679993,371.73999,362.519989,371.23999,371.23999,6302500
03-07-2017,370.23999,371.350006,351.5,352.619995,352.619995,6305400
05-07-2017,347.200012,347.23999,326.329987,327.089996,327.089996,17046700
06-07-2017,317.26001,320.790009,306.299988,308.829987,308.829987,19324500
07-07-2017,313.5,317,307.380005,313.220001,313.220001,14176900
10-07-2017,312.899994,317.940002,303.130005,316.049988,316.049988,13820900
11-07-2017,316,327.279999,314.299988,327.220001,327.220001,11559400
12-07-2017,330.399994,333.100006,324.5,329.519989,329.519989,10346100
13-07-2017,330.109985,331.600006,319.970001,323.410004,323.410004,8594500
14-07-2017,323.190002,328.420013,321.220001,327.779999,327.779999,5625200
17-07-2017,325.540009,327.100006,313.450012,319.570007,319.570007,9876900
19-07-2017,328.230011,331.649994,323.220001,325.26001,325.26001,6357000
20-07-2017,326.899994,330.220001,324.200012,329.920013,329.920013,5166200
21-07-2017,329.459991,331.26001,325.799988,328.399994,328.399994,4901600
24-07-2017,330.23999,343.399994,330.01001,342.519989,342.519989,8637100
25-07-2017,345,345.600006,334.149994,339.600006,339.600006,6989200
26-07-2017,340.359985,345.5,338.119995,343.850006,343.850006,4820800
27-07-2017,346,347.5,326.290009,334.459991,334.459991,8302400
28-07-2017,336.890015,339.600006,332.51001,335.070007,335.070007,4880400
31-07-2017,335.5,341.48999,321.040009,323.470001,323.470001,8535100
01-08-2017,323,324.450012,316.130005,319.570007,319.570007,8303100
02-08-2017,318.940002,327.119995,311.220001,325.890015,325.890015,13091500
04-08-2017,347,357.269989,343.299988,356.910004,356.910004,9268900
07-08-2017,357.350006,359.480011,352.75,355.170013,355.170013,6324500
08-08-2017,357.529999,368.579987,357.399994,365.220001,365.220001,7449800
09-08-2017,361,370,358.950012,363.529999,363.529999,6892100
10-08-2017,361.600006,366.649994,354.660004,355.399994,355.399994,7092900
14-08-2017,364.630005,367.660004,362.600006,363.799988,363.799988,4519200
16-08-2017,363,366.5,362.519989,362.910004,362.910004,3413800
17-08-2017,361.209991,363.299988,351.589996,351.920013,351.920013,5027700
21-08-2017,345.820007,345.820007,331.850006,337.859985,337.859985,6495400
22-08-2017,341.130005,342.23999,337.369995,341.350006,341.350006,4322000
24-08-2017,352.519989,356.660004,349.73999,352.929993,352.929993,4584700
25-08-2017,354.23999,355.690002,347.299988,348.049988,348.049988,3484000
29-08-2017,339.480011,349.049988,338.75,347.359985,347.359985,4073700
30-08-2017,349.670013,353.470001,347,353.179993,353.179993,3412900
31-08-2017,353.549988,358.440002,352.820007,355.899994,355.899994,4072800
05-09-2017,353.799988,355.48999,345.890015,349.589996,349.589996,3835100
06-09-2017,349.5,350.980011,341.559998,344.529999,344.529999,4091400
08-09-2017,348.98999,349.779999,342.299988,343.399994,343.399994,3263500
11-09-2017,351.350006,363.709991,350,363.690002,363.690002,7667100
13-09-2017,363.820007,368.070007,359.589996,366.230011,366.230011,4185200
14-09-2017,364.329987,377.959991,362.630005,377.640015,377.640015,7202500
15-09-2017,374.51001,380,372.700012,379.809998,379.809998,5420500
21-09-2017,374.899994,376.829987,364.51001,366.480011,366.480011,4618200
22-09-2017,366.48999,369.899994,350.880005,351.089996,351.089996,8159400
25-09-2017,353.149994,357.470001,342.880005,344.98999,344.98999,7605900
27-09-2017,349.899994,351.48999,340.5,340.970001,340.970001,6060300
29-09-2017,341.859985,344.679993,338.600006,341.100006,341.100006,5107100
02-10-2017,342.519989,343.700012,335.51001,341.529999,341.529999,5286800
03-10-2017,335.899994,348.549988,331.279999,348.140015,348.140015,10153600
05-10-2017,356,357.440002,351.350006,355.329987,355.329987,4171700
06-10-2017,353.100006,360.100006,352.25,356.880005,356.880005,4297500
10-10-2017,346.799988,355.630005,345.529999,355.589996,355.589996,6978500
11-10-2017,353.890015,357.600006,351.149994,354.600006,354.600006,4500800
12-10-2017,352.950012,359.779999,352.640015,355.679993,355.679993,4087000
13-10-2017,356.980011,358.48999,353.679993,355.570007,355.570007,3540500
16-10-2017,353.76001,354.480011,347.160004,350.600006,350.600006,5375500
17-10-2017,350.910004,356.220001,350.070007,355.75,355.75,3293300
18-10-2017,355.970001,363,354.130005,359.649994,359.649994,4939100
19-10-2017,355.559998,357.149994,348.200012,351.809998,351.809998,5061800
20-10-2017,352.690002,354.549988,344.339996,345.100006,345.100006,4930400
24-10-2017,338.799988,342.799988,336.160004,337.339996,337.339996,4491700
25-10-2017,336.700012,337.5,323.559998,325.839996,325.839996,8594100
26-10-2017,327.779999,330.230011,323.200012,326.170013,326.170013,5023500
31-10-2017,320.230011,331.950012,320.179993,331.529999,331.529999,5672300
01-11-2017,332.25,332.609985,320.26001,321.079987,321.079987,8457300
02-11-2017,300.130005,308.690002,292.630005,299.26001,299.26001,19791400
07-11-2017,301.019989,306.5,300.029999,306.049988,306.049988,5294300
08-11-2017,305.5,306.890015,301.299988,304.390015,304.390015,4725300
10-11-2017,302.5,308.359985,301.850006,302.98999,302.98999,4625400
13-11-2017,300.130005,316.799988,299.109985,315.399994,315.399994,7584900
15-11-2017,306.01001,312.48999,301.5,311.299988,311.299988,5978700
16-11-2017,313.98999,318.140015,311.299988,312.5,312.5,5822100
20-11-2017,313.790009,315.5,304.75,308.73999,308.73999,8247700
22-11-2017,316.769989,317.420013,311.839996,312.600006,312.600006,4917600
24-11-2017,313.790009,316.410004,311,315.549988,315.549988,3244100
27-11-2017,313.25,317.339996,309.51001,316.809998,316.809998,4555900
28-11-2017,316.359985,320,313.920013,317.549988,317.549988,4949500
29-11-2017,317.299988,318,301.230011,307.540009,307.540009,8767400
01-12-2017,305.440002,310.320007,305.049988,306.529999,306.529999,4292900
05-12-2017,302,308,301,303.700012,303.700012,4646500
07-12-2017,312,318.630005,311.049988,311.23999,311.23999,4780600
08-12-2017,314.600006,316.980011,311.26001,315.130005,315.130005,3468500
12-12-2017,330.450012,341.440002,330.029999,341.029999,341.029999,8733200
13-12-2017,340.929993,344.220001,336.5,339.029999,339.029999,6221500
14-12-2017,341.01001,347.440002,336.899994,337.890015,337.890015,5799900
15-12-2017,342.040009,343.899994,335.76001,343.450012,343.450012,6933200
18-12-2017,344.899994,346.730011,337.579987,338.869995,338.869995,5476200
20-12-2017,332.690002,333.100006,325.040009,328.980011,328.980011,5953800
22-12-2017,329.51001,330.920013,324.820007,325.200012,325.200012,4215800
26-12-2017,323.829987,323.940002,316.579987,317.290009,317.290009,4378400
27-12-2017,316,317.679993,310.75,311.640015,311.640015,4712100
28-12-2017,311.75,315.820007,309.540009,315.359985,315.359985,4316300
02-01-2018,312,322.109985,311,320.529999,320.529999,4352200
03-01-2018,321,325.25,315.549988,317.25,317.25,4521500
05-01-2018,316.619995,317.23999,312,316.579987,316.579987,4591200
08-01-2018,316,337.019989,315.5,336.410004,336.410004,9859400
11-01-2018,335.23999,344.809998,333.26001,337.950012,337.950012,6645500
16-01-2018,337.540009,345,334.799988,340.059998,340.059998,6474300
17-01-2018,340.470001,349,339.75,347.160004,347.160004,7103500
18-01-2018,345.670013,352.299988,343.73999,344.570007,344.570007,5685800
22-01-2018,349.399994,357.829987,349.200012,351.559998,351.559998,6210400
23-01-2018,360,360.5,351,352.790009,352.790009,5465400
25-01-2018,348.269989,349.200012,336.399994,337.640015,337.640015,6740300
29-01-2018,339.850006,350.850006,338.279999,349.529999,349.529999,4747100
30-01-2018,345.140015,348.269989,342.170013,345.820007,345.820007,4717700
31-01-2018,347.51001,356.190002,345.190002,354.309998,354.309998,6214100
01-02-2018,351,359.660004,348.630005,349.25,349.25,4197700
07-02-2018,338.98999,346,335.660004,345,345,6969200
08-02-2018,343.309998,348.619995,314.600006,315.230011,315.230011,10314600
12-02-2018,316.130005,318.079987,306.25,315.730011,315.730011,6227800
14-02-2018,320.839996,326.170013,318.519989,322.309998,322.309998,3950700
20-02-2018,334.470001,340.839996,331.5,334.769989,334.769989,4009400
21-02-2018,336.029999,339.690002,333.170013,333.299988,333.299988,3219600
22-02-2018,335.529999,347.440002,334.75,346.170013,346.170013,6969800
23-02-2018,347.829987,354.98999,347.100006,352.049988,352.049988,5817400
26-02-2018,353.5,359,352.359985,357.420013,357.420013,4340000
27-02-2018,356.25,359.98999,350.01001,350.98999,350.98999,4797400
28-02-2018,352.570007,355.23999,342.220001,343.059998,343.059998,6069700
02-03-2018,326.980011,335.220001,322.970001,335.119995,335.119995,5092800
05-03-2018,332.390015,337.75,329.290009,333.350006,333.350006,3823800
07-03-2018,325.440002,332.5,321.73999,332.299988,332.299988,5007300
08-03-2018,332.859985,333.299988,326.269989,329.100006,329.100006,3566200
09-03-2018,324.100006,328.48999,322.369995,327.170013,327.170013,5506800
14-03-2018,336.76001,339.809998,323.929993,326.630005,326.630005,7967400
15-03-2018,329.380005,332.850006,321.100006,325.600006,325.600006,6564800
16-03-2018,322.929993,327.399994,319.070007,321.350006,321.350006,6117300
20-03-2018,314.869995,316.25,308.76001,310.549988,310.549988,4764300
22-03-2018,313.890015,318.820007,308.179993,309.100006,309.100006,4939800
23-03-2018,311.25,311.25,300.450012,301.540009,301.540009,6654900
26-03-2018,307.339996,307.589996,291.359985,304.179993,304.179993,8375200
28-03-2018,264.579987,268.679993,252.100006,257.779999,257.779999,21001400
29-03-2018,256.48999,270.959991,248.210007,266.130005,266.130005,15170700
02-04-2018,256.26001,260.329987,244.589996,252.479996,252.479996,16114000
04-04-2018,252.779999,288.369995,252,286.940002,286.940002,19896700
06-04-2018,301,309.279999,295.5,299.299988,299.299988,13520300
09-04-2018,300.369995,309.5,289.209991,289.660004,289.660004,10249800
10-04-2018,298.970001,307.100006,293.679993,304.700012,304.700012,10989800
12-04-2018,302.320007,303.950012,293.679993,294.079987,294.079987,7608800
13-04-2018,303.600006,303.950012,295.980011,300.339996,300.339996,7327200
17-04-2018,288.869995,292.170013,282.51001,287.690002,287.690002,7000000
18-04-2018,291.079987,300.23999,288.160004,293.350006,293.350006,6557700
19-04-2018,291.079987,301.01001,288.549988,300.079987,300.079987,6090600
23-04-2018,291.290009,291.619995,282.329987,283.369995,283.369995,4893400
24-04-2018,285,287.089996,278.459991,283.459991,283.459991,5685300
25-04-2018,283.5,285.160004,277.25,280.690002,280.690002,4013600
30-04-2018,293.609985,298.730011,292.5,293.899994,293.899994,4228200
01-05-2018,293.51001,300.820007,293.220001,299.920013,299.920013,4625600
02-05-2018,298.570007,306.850006,297.779999,301.149994,301.149994,8970400
03-05-2018,278.790009,288.040009,275.230011,284.450012,284.450012,17352100
08-05-2018,300.799988,307.75,299,301.970001,301.970001,5930000
09-05-2018,300.410004,307.01001,300.049988,306.850006,306.850006,5727400
10-05-2018,307.5,312.98999,304.109985,305.019989,305.019989,5651600
11-05-2018,307.700012,308.880005,299.079987,301.059998,301.059998,4679600
15-05-2018,285.01001,286.959991,280.5,284.179993,284.179993,9519200
17-05-2018,285.899994,289.190002,283.970001,284.540009,284.540009,4420600
21-05-2018,281.329987,291.48999,281.299988,284.48999,284.48999,9182600
22-05-2018,287.76001,288,273.420013,275.01001,275.01001,8945800
23-05-2018,277.76001,279.910004,274,279.070007,279.070007,5985100
25-05-2018,277.630005,279.640015,275.609985,278.850006,278.850006,3875100
29-05-2018,278.51001,286.5,276.149994,283.76001,283.76001,5666600
30-05-2018,283.290009,295.01001,281.600006,291.720001,291.720001,7489700
05-06-2018,297.700012,297.799988,286.73999,291.130005,291.130005,5995200
06-06-2018,300.5,322.170013,297.480011,319.5,319.5,18767300
07-06-2018,316.149994,330,313.579987,316.089996,316.089996,14345300
08-06-2018,319,324.480011,317.149994,317.660004,317.660004,8205200
11-06-2018,322.51001,334.660004,322.5,332.100006,332.100006,13183500
13-06-2018,346.709991,347.200012,339.799988,344.779999,344.779999,9469800
14-06-2018,347.630005,358.75,346.600006,357.720001,357.720001,10981000
15-06-2018,353.839996,364.670013,351.25,358.170013,358.170013,10848300
19-06-2018,365.160004,370,346.25,352.549988,352.549988,12761900
20-06-2018,358.040009,364.380005,352,362.220001,362.220001,8383700
21-06-2018,362,366.209991,346.269989,347.51001,347.51001,7967100
25-06-2018,330.119995,338.470001,327.5,333.01001,333.01001,6931300
26-06-2018,336.049988,343.549988,325.799988,342,342,7452500
28-06-2018,348.660004,357.019989,346.109985,349.929993,349.929993,8398000
29-06-2018,353.329987,353.859985,342.410004,342.950012,342.950012,6492400
03-07-2018,331.75,332.48999,309.690002,310.859985,310.859985,12282600
05-07-2018,313.76001,314.390015,296.220001,309.160004,309.160004,17476400
06-07-2018,304.950012,312.070007,302,308.899994,308.899994,8865500
11-07-2018,315.799988,321.940002,315.070007,318.959991,318.959991,4884100
12-07-2018,321.429993,323.230011,312.769989,316.709991,316.709991,5721200
13-07-2018,315.579987,319.579987,309.25,318.869995,318.869995,5869800
16-07-2018,311.709991,315.160004,306.25,310.100006,310.100006,7818700
17-07-2018,308.809998,324.73999,308.5,322.690002,322.690002,6996200
18-07-2018,325,325.5,316.25,323.850006,323.850006,5624200
20-07-2018,321.230011,323.23999,311.709991,313.579987,313.579987,5162200
23-07-2018,301.839996,305.5,292.859985,303.200012,303.200012,10992900
24-07-2018,304.420013,307.720001,292.549988,297.429993,297.429993,9590800
26-07-2018,304.850006,310.700012,303.640015,306.649994,306.649994,4630500
27-07-2018,307.25,307.690002,295.339996,297.179993,297.179993,5703300
30-07-2018,295.899994,296.100006,286.130005,290.170013,290.170013,6814100
01-08-2018,297.98999,303,293,300.839996,300.839996,10129400
02-08-2018,328.440002,349.98999,323.160004,349.540009,349.540009,23215000
03-08-2018,347.809998,355,342.529999,348.170013,348.170013,13656500
09-08-2018,365.549988,367.01001,345.730011,352.450012,352.450012,17183800
10-08-2018,354,360,346,355.48999,355.48999,11552000
13-08-2018,361.130005,363.190002,349.019989,356.410004,356.410004,10463900
15-08-2018,341.910004,344.48999,332.140015,338.690002,338.690002,9101300
17-08-2018,323.5,326.769989,303.529999,305.5,305.5,18958600
20-08-2018,291.700012,308.5,288.200012,308.440002,308.440002,17402300
21-08-2018,310.609985,324.790009,309,321.899994,321.899994,13172200
22-08-2018,320.869995,323.880005,314.670013,321.640015,321.640015,5946000
23-08-2018,319.140015,327.320007,318.100006,320.100006,320.100006,5147300
24-08-2018,320.700012,323.850006,319.399994,322.820007,322.820007,3602600
28-08-2018,318.410004,318.880005,311.190002,311.859985,311.859985,7649100
29-08-2018,310.269989,311.850006,303.690002,305.01001,305.01001,7447400
30-08-2018,302.26001,304.600006,297.720001,303.149994,303.149994,7216700
04-09-2018,296.940002,298.190002,288,288.950012,288.950012,8350500
05-09-2018,285.049988,286.779999,277.179993,280.73999,280.73999,7720800
06-09-2018,284.799988,291.170013,278.880005,280.950012,280.950012,7480800
11-09-2018,279.470001,282,273.549988,279.440002,279.440002,9170000
12-09-2018,281.440002,292.5,278.649994,290.540009,290.540009,10015400
13-09-2018,288.019989,295,285.179993,289.459991,289.459991,6340300
14-09-2018,288.76001,297.329987,286.519989,295.200012,295.200012,6765600
17-09-2018,290.040009,300.869995,288.130005,294.839996,294.839996,6887600
20-09-2018,303.559998,305.980011,293.329987,298.329987,298.329987,7349400
21-09-2018,297.700012,300.579987,295.369995,299.100006,299.100006,5050500
24-09-2018,298.480011,303,293.579987,299.679993,299.679993,4843000
25-09-2018,300,304.600006,296.5,300.98999,300.98999,4481700
28-09-2018,270.26001,278,260.559998,264.769989,264.769989,33649700
01-10-2018,305.769989,311.440002,301.049988,310.700012,310.700012,21777600
02-10-2018,313.950012,316.839996,299.149994,301.019989,301.019989,11743500
05-10-2018,274.649994,274.880005,260,261.950012,261.950012,17944500
08-10-2018,264.519989,267.76001,249,250.559998,250.559998,13472700
09-10-2018,255.25,266.769989,253.300003,262.799988,262.799988,12060600
10-10-2018,264.609985,265.51001,247.770004,256.880005,256.880005,12815300
16-10-2018,265.700012,277.380005,262.23999,276.589996,276.589996,9526400
17-10-2018,282.399994,282.700012,265.799988,271.779999,271.779999,8655500
18-10-2018,269.290009,271,263,263.910004,263.910004,5421200
23-10-2018,263.869995,297.929993,262.100006,294.140015,294.140015,19027800
24-10-2018,301.049988,304.440002,285.730011,288.5,288.5,20058300
25-10-2018,317.220001,321,301.01001,314.859985,314.859985,20840700
26-10-2018,308.25,339.899994,306.649994,330.899994,330.899994,27425500
29-10-2018,337.470001,347.160004,326.5,334.850006,334.850006,14486000
30-10-2018,328.390015,337.899994,322.26001,329.899994,329.899994,9126700
01-11-2018,338.26001,347.839996,334.730011,344.279999,344.279999,8000100
02-11-2018,343.73999,349.200012,340.910004,346.410004,346.410004,7808000
06-11-2018,339.070007,348.799988,336.089996,341.059998,341.059998,6762900
07-11-2018,343.339996,351.179993,340.799988,348.160004,348.160004,7374500
08-11-2018,348.5,357.579987,348.440002,351.399994,351.399994,7090700
12-11-2018,348.369995,349.779999,330.339996,331.279999,331.279999,6941500
13-11-2018,333.160004,344.700012,332.200012,338.730011,338.730011,5448600
15-11-2018,342.329987,348.579987,339.040009,348.440002,348.440002,4625700
16-11-2018,345.190002,355.700012,345.119995,354.309998,354.309998,7206200
19-11-2018,356.339996,366.75,352.880005,353.470001,353.470001,9708900
21-11-2018,352,353.100006,337.399994,338.190002,338.190002,4686800
26-11-2018,325,346.220001,325,346,346,7992100
27-11-2018,340.049988,346.959991,335.5,343.920013,343.920013,6358300
28-11-2018,345.98999,348.279999,342.209991,347.869995,347.869995,4127600
29-11-2018,347,347.5,339.549988,341.170013,341.170013,3080700
04-12-2018,356.049988,368.679993,352,359.700012,359.700012,8461900
06-12-2018,356.01001,367.380005,350.76001,363.059998,363.059998,7842500
10-12-2018,360,365.980011,353.119995,365.149994,365.149994,6613500
11-12-2018,369.910004,372.170013,360.230011,366.76001,366.76001,6308800
13-12-2018,370.149994,377.440002,366.75,376.790009,376.790009,7365900
14-12-2018,375,377.869995,364.329987,365.709991,365.709991,6337600
17-12-2018,362,365.700012,343.880005,348.420013,348.420013,7674000
18-12-2018,350.540009,351.549988,333.690002,337.029999,337.029999,7100000
20-12-2018,327.049988,330.290009,311.869995,315.380005,315.380005,9071900
24-12-2018,313.5,314.5,295.200012,295.390015,295.390015,5559900
26-12-2018,300,326.970001,294.089996,326.089996,326.089996,8163100
27-12-2018,319.839996,322.170013,301.5,316.130005,316.130005,8575100
28-12-2018,323.100006,336.23999,318.410004,333.869995,333.869995,9939000
31-12-2018,337.790009,339.209991,325.26001,332.799988,332.799988,6302300
02-01-2019,306.100006,315.130005,298.799988,310.119995,310.119995,11658600
03-01-2019,307,309.399994,297.380005,300.359985,300.359985,6965200
07-01-2019,321.720001,336.73999,317.75,334.959991,334.959991,7551200
09-01-2019,335.5,343.5,331.470001,338.529999,338.529999,5432900
10-01-2019,334.399994,345.390015,331.790009,344.970001,344.970001,6056400
14-01-2019,342.380005,342.5,334,334.399994,334.399994,5247300
15-01-2019,335,348.799988,334.5,344.429993,344.429993,6056600
17-01-2019,346.209991,351.5,344.149994,347.309998,347.309998,3676700
18-01-2019,323,327.130005,299.730011,302.26001,302.26001,24150800
23-01-2019,292.5,294.5,281.690002,287.589996,287.589996,12530000
24-01-2019,283.029999,293.679993,279.279999,291.51001,291.51001,8012200
29-01-2019,295.269989,298.559998,291.799988,297.459991,297.459991,4621700
30-01-2019,300.450012,309,298.48999,308.769989,308.769989,11250300
31-01-2019,301,311.559998,294,307.019989,307.019989,12569200
01-02-2019,305.420013,316.100006,303.5,312.209991,312.209991,7283400
05-02-2019,312.48999,322.440002,312.25,321.350006,321.350006,6742800
06-02-2019,319.589996,324.23999,315.619995,317.220001,317.220001,5038500
08-02-2019,306.829987,307.450012,298.5,305.799988,305.799988,5844200
12-02-2019,316.200012,318.190002,309.619995,311.809998,311.809998,5517600
13-02-2019,312.350006,312.75,305.570007,308.170013,308.170013,5141600
14-02-2019,303.380005,306.769989,301,303.769989,303.769989,5200800
19-02-2019,306.559998,311.540009,305.470001,305.640015,305.640015,4168400
20-02-2019,304.410004,306.299988,299,302.559998,302.559998,7142100
22-02-2019,294.48999,296.5,292.100006,294.709991,294.709991,5740600
25-02-2019,297.910004,302.899994,297,298.769989,298.769989,6626500
26-02-2019,292.220001,302.01001,288.769989,297.859985,297.859985,8582500
27-02-2019,301.779999,316.299988,300.549988,314.73999,314.73999,11183900
28-02-2019,318.920013,320,310.809998,319.880005,319.880005,10520700
05-03-2019,282,284,270.100006,276.540009,276.540009,18764700
06-03-2019,276.480011,281.51001,274.390015,276.23999,276.23999,10335500
08-03-2019,276.910004,285.589996,275.890015,284.140015,284.140015,8819600
12-03-2019,286.48999,288.070007,281.059998,283.359985,283.359985,7504100
13-03-2019,283.899994,291.98999,282.700012,288.959991,288.959991,6844700
14-03-2019,292.450012,295.390015,288.290009,289.959991,289.959991,7103400
19-03-2019,267.5,273.299988,263.459991,267.470001,267.470001,11800600
20-03-2019,269.690002,274.970001,266.299988,273.600006,273.600006,6908200
21-03-2019,272.600006,276.450012,268.450012,274.019989,274.019989,5947100
22-03-2019,272.579987,272.799988,264,264.529999,264.529999,8745600
26-03-2019,264.440002,270.26001,264.429993,267.769989,267.769989,7350900
28-03-2019,277.160004,280.329987,275.100006,278.619995,278.619995,6774100
29-03-2019,278.700012,280.160004,274.5,279.859985,279.859985,5991300
02-04-2019,288.299988,289.440002,283.880005,285.880005,285.880005,5478900
03-04-2019,287.320007,296.170013,287.170013,291.809998,291.809998,7929900
04-04-2019,261.890015,271.200012,260.589996,267.779999,267.779999,23720700
05-04-2019,269.859985,276.100006,266.109985,274.959991,274.959991,13038300
09-04-2019,271.649994,275,269.609985,272.309998,272.309998,5904000
10-04-2019,276.73999,278.380005,272.890015,276.059998,276.059998,7061300
11-04-2019,268.299988,270.5,265.600006,268.420013,268.420013,9835900
15-04-2019,268.630005,268.880005,258.630005,266.380005,266.380005,10038600
16-04-2019,265.75,275,264.720001,273.359985,273.359985,7272900
18-04-2019,271.230011,274.839996,269.75,273.26001,273.26001,5876300
22-04-2019,269,269.679993,262.480011,262.75,262.75,12147100
23-04-2019,260.149994,265.600006,255.75,263.899994,263.899994,10943900
25-04-2019,255,259,246.070007,247.630005,247.630005,21849400
26-04-2019,246.5,246.679993,231.130005,235.139999,235.139999,22360700
29-04-2019,235.860001,243.979996,232.169998,241.470001,241.470001,16714500
01-05-2019,238.850006,240,231.5,234.009995,234.009995,10704400
02-05-2019,245.520004,247.130005,237.720001,244.100006,244.100006,18159300
03-05-2019,243.860001,256.609985,243.490005,255.029999,255.029999,23706800
06-05-2019,250.020004,258.350006,248.5,255.339996,255.339996,10833900
08-05-2019,246.940002,250.600006,244.199997,244.839996,244.839996,6176400
09-05-2019,242,243.679993,236.940002,241.979996,241.979996,6711400
13-05-2019,232.009995,232.470001,224.5,227.009995,227.009995,10834800
14-05-2019,229.300003,234.5,228,232.309998,232.309998,7252400
15-05-2019,229.320007,232.440002,225.25,231.949997,231.949997,7296000
17-05-2019,221.960007,222.240005,208.919998,211.029999,211.029999,17786700
20-05-2019,202.800003,206,195.25,205.360001,205.360001,20526200
21-05-2019,197.759995,207.399994,196.039993,205.080002,205.080002,18003900
24-05-2019,199.830002,199.979996,188.75,190.630005,190.630005,14136600
28-05-2019,191.199997,195,187.850006,188.699997,188.699997,10312900
30-05-2019,188.75,192.259995,187.020004,188.220001,188.220001,7926500
31-05-2019,185.100006,189.919998,184.100006,185.160004,185.160004,10406700
04-06-2019,181.100006,193.979996,179.610001,193.600006,193.600006,13807500
06-06-2019,204.440002,211,201.800003,205.949997,205.949997,20242200
07-06-2019,205,210.839996,203.5,204.5,204.5,16003500
11-06-2019,219.139999,220.899994,213.5,217.100006,217.100006,11653500
12-06-2019,222.949997,223.380005,209,209.259995,209.259995,15186200
14-06-2019,211.25,216.649994,210.399994,214.919998,214.919998,7433400
17-06-2019,215.479996,227,214.270004,225.029999,225.029999,12316800
19-06-2019,225.110001,227.770004,221.059998,226.429993,226.429993,6575100
20-06-2019,223,226.899994,216.350006,219.619995,219.619995,11863500
21-06-2019,216.220001,222.179993,215.5,221.860001,221.860001,8202100
25-06-2019,224.389999,225.339996,219.490005,219.759995,219.759995,6182100
26-06-2019,220.309998,227.229996,218.100006,219.270004,219.270004,8507200
27-06-2019,219.449997,222.899994,217.350006,222.839996,222.839996,6339700
02-07-2019,228.889999,229.149994,222.220001,224.550003,224.550003,9259000
03-07-2019,239.389999,241.570007,234.509995,234.899994,234.899994,14201100
05-07-2019,234.570007,235.449997,230.800003,233.100006,233.100006,7065700
09-07-2019,228.970001,231,227.279999,230.059998,230.059998,6190800
10-07-2019,234.149994,238.940002,233.139999,238.919998,238.919998,9145700
12-07-2019,239.75,245.380005,239.710007,245.080002,245.080002,9200500
17-07-2019,255.669998,258.309998,253.350006,254.860001,254.860001,9764700
18-07-2019,255.050003,255.75,251.889999,253.539993,253.539993,4764500
22-07-2019,258.75,262.149994,254.190002,255.679993,255.679993,6842400
23-07-2019,256.709991,260.480011,254.5,260.170013,260.170013,5023100
24-07-2019,259.170013,266.070007,258.160004,264.880005,264.880005,11072800
26-07-2019,226.919998,230.259995,222.25,228.039993,228.039993,10027700
29-07-2019,227.089996,235.940002,226.029999,235.770004,235.770004,9273300
01-08-2019,242.649994,244.509995,231.770004,233.850006,233.850006,8259500
02-08-2019,231.350006,236.270004,229.229996,234.339996,234.339996,6136500
06-08-2019,231.880005,232.5,225.75,230.75,230.75,5564200
07-08-2019,226.5,233.570007,225.800003,233.419998,233.419998,4776500
08-08-2019,234.449997,239.800003,232.649994,238.300003,238.300003,5274300
09-08-2019,236.050003,238.960007,233.809998,235.009995,235.009995,3898200
13-08-2019,228.809998,236,227.550003,235,235,4848100
15-08-2019,220.860001,221.559998,211.550003,215.639999,215.639999,8159600
16-08-2019,216.660004,222.240005,216.020004,219.940002,219.940002,5098500
20-08-2019,227.619995,229.089996,224.539993,225.860001,225.860001,4125200
23-08-2019,219.970001,221.169998,211,211.399994,211.399994,8538600
26-08-2019,213.600006,215.020004,211.539993,215,215,5051900
27-08-2019,215.740005,218.800003,212.029999,214.080002,214.080002,5416200
29-08-2019,219,223.399994,218,221.710007,221.710007,5179500
30-08-2019,229.149994,232.440002,224.210007,225.610001,225.610001,9320600
03-09-2019,224.080002,228.949997,223.160004,225.009995,225.009995,5354100
05-09-2019,222.5,229.800003,220.850006,229.580002,229.580002,7395300
06-09-2019,227.199997,229.639999,225.169998,227.449997,227.449997,4189400
09-09-2019,230,233.759995,229.229996,231.789993,231.789993,4802700
11-09-2019,237.380005,248.169998,236,247.100006,247.100006,10042800
12-09-2019,247.699997,253.5,244.399994,245.869995,245.869995,8581200
13-09-2019,246.960007,248.449997,244.869995,245.199997,245.199997,5313100
16-09-2019,246,247.429993,241.169998,242.809998,242.809998,4728100
18-09-2019,245,248.169998,242.369995,243.490005,243.490005,4170200
19-09-2019,246,247.940002,244.839996,246.600006,246.600006,4795800
20-09-2019,246.490005,246.949997,238.160004,240.619995,240.619995,6353000
24-09-2019,241.520004,241.990005,222.610001,223.210007,223.210007,12891500
25-09-2019,224.559998,228.979996,218.360001,228.699997,228.699997,9427100
26-09-2019,230.660004,243.309998,227.399994,242.559998,242.559998,11884500
30-09-2019,243,243.979996,236.110001,240.869995,240.869995,5879800
02-10-2019,243.289993,244.649994,239.429993,243.130005,243.130005,5631400
03-10-2019,231.860001,234.479996,224.279999,233.029999,233.029999,15084500
04-10-2019,231.610001,234.779999,228.070007,231.429993,231.429993,7995000
08-10-2019,235.869995,243.940002,234.5,240.050003,240.050003,8678200
10-10-2019,245.279999,249.279999,241.580002,244.740005,244.740005,6283300
14-10-2019,247.899994,258.549988,247.130005,256.959991,256.959991,10205000
15-10-2019,257.700012,260,254.119995,257.890015,257.890015,6432800
16-10-2019,257.390015,262.100006,256.920013,259.75,259.75,6684100
17-10-2019,262.5,264.779999,260.170013,261.970001,261.970001,4769300
18-10-2019,260.700012,262.799988,255.100006,256.950012,256.950012,5749800
21-10-2019,258.329987,259.5,250.179993,253.5,253.5,5020300
23-10-2019,254.5,256.140015,251.350006,254.679993,254.679993,5261100
24-10-2019,298.369995,304.929993,289.200012,299.679993,299.679993,29720900
28-10-2019,327.540009,340.839996,322.600006,327.709991,327.709991,18870300
29-10-2019,319.98999,324.299988,314.75,316.220001,316.220001,12684300
31-10-2019,313.100006,319,313,314.920013,314.920013,5067000
01-11-2019,316.320007,316.480011,309.799988,313.309998,313.309998,6383900
04-11-2019,314.799988,321.940002,309.26001,317.470001,317.470001,8787000
05-11-2019,319.619995,323.51001,316.119995,317.220001,317.220001,6943400
07-11-2019,329.140015,341.5,328.019989,335.540009,335.540009,14467300
08-11-2019,334.5,337.459991,332.5,337.140015,337.140015,6069200
11-11-2019,343.950012,349.190002,342,345.089996,345.089996,9986700
13-11-2019,355,356.329987,345.179993,346.109985,346.109985,8420100
14-11-2019,346.109985,353.839996,342.910004,349.350006,349.350006,6464900
15-11-2019,350.640015,352.799988,348.359985,352.170013,352.170013,4809000
18-11-2019,352.920013,353.149994,346.100006,349.98999,349.98999,4400400
20-11-2019,360,361.200012,349.570007,352.220001,352.220001,6725100
25-11-2019,344.320007,344.570007,334.459991,336.339996,336.339996,12339500
26-11-2019,335.269989,335.5,327.100006,328.920013,328.920013,7947400
27-11-2019,331.119995,333.929993,328.570007,331.290009,331.290009,5555600
29-11-2019,331.109985,331.26001,327.5,329.940002,329.940002,2465600
03-12-2019,332.619995,337.910004,332.190002,336.200012,336.200012,6573700
04-12-2019,337.75,337.859985,332.850006,333.029999,333.029999,5533000
09-12-2019,336.589996,344.450012,335.079987,339.529999,339.529999,9023100
10-12-2019,339.959991,350.730011,339.309998,348.839996,348.839996,8828300
11-12-2019,351.880005,357.190002,351.089996,352.700012,352.700012,6897800
12-12-2019,354.920013,362.73999,353.230011,359.679993,359.679993,7763900
16-12-2019,362.549988,383.609985,362.5,381.5,381.5,18174200
20-12-2019,410.290009,413,400.190002,405.589996,405.589996,14752700
23-12-2019,411.779999,422.01001,410,419.220001,419.220001,13319600
24-12-2019,418.359985,425.470001,412.690002,425.25,425.25,8054700
27-12-2019,435,435.309998,426.109985,430.380005,430.380005,9945700
30-12-2019,428.790009,429,409.26001,414.700012,414.700012,12586400
02-01-2020,424.5,430.700012,421.709991,430.26001,430.26001,9532100
03-01-2020,440.5,454,436.920013,443.01001,443.01001,17778500
07-01-2020,461.399994,471.630005,453.359985,469.059998,469.059998,17882100
09-01-2020,497.100006,498.799988,472.869995,481.339996,481.339996,28440400
10-01-2020,481.790009,484.940002,473.700012,478.149994,478.149994,12959500
13-01-2020,493.5,525.630005,492,524.859985,524.859985,26517600
15-01-2020,529.76001,537.840027,516.789978,518.5,518.5,17368800
16-01-2020,493.75,514.460022,492.170013,513.48999,513.48999,21736700
17-01-2020,507.609985,515.669983,503.160004,510.5,510.5,13629100
22-01-2020,571.890015,594.5,559.099976,569.559998,569.559998,31369000
23-01-2020,564.25,582,555.599976,572.200012,572.200012,19651000
27-01-2020,541.98999,564.440002,539.280029,558.02002,558.02002,13608100
28-01-2020,568.48999,576.809998,558.080017,566.900024,566.900024,11788500
29-01-2020,575.690002,589.799988,567.429993,580.98999,580.98999,17801500
03-02-2020,673.690002,786.140015,673.52002,780,780,47233500
05-02-2020,823.26001,845.97998,704.109985,734.700012,734.700012,48423800
06-02-2020,699.919983,795.830017,687,748.960022,748.960022,39880800
07-02-2020,730.549988,769.75,730,748.070007,748.070007,17063500
11-02-2020,768.789978,783.51001,758,774.380005,774.380005,11697500
12-02-2020,777.869995,789.75,763.369995,767.289978,767.289978,12022500
13-02-2020,741.840027,818,735,804,804,26289300
14-02-2020,787.219971,812.969971,785.5,800.030029,800.030029,15693700
18-02-2020,841.599976,860,832.359985,858.400024,858.400024,16381700
19-02-2020,923.5,944.780029,901.02002,917.419983,917.419983,25423000
25-02-2020,849,856.599976,787,799.909973,799.909973,17290500
26-02-2020,782.5,813.309998,776.109985,778.799988,778.799988,14085500
27-02-2020,730,739.77002,669,679,679,24277200
28-02-2020,629.700012,690.52002,611.52002,667.98999,667.98999,24564200
02-03-2020,711.26001,743.690002,686.669983,743.619995,743.619995,20195000
04-03-2020,763.960022,766.52002,724.72998,749.5,749.5,15049000
05-03-2020,723.77002,745.75,718.070007,724.539978,724.539978,10852700
10-03-2020,659.429993,668,608,645.330017,645.330017,15594400
11-03-2020,640.200012,653.580017,613,634.22998,634.22998,13322500
12-03-2020,580.890015,594.5,546.25,560.549988,560.549988,18909100
13-03-2020,595,607.570007,502,546.619995,546.619995,22640300
17-03-2020,440.01001,471.850006,396,430.200012,430.200012,23994600
18-03-2020,389,404.859985,350.51001,361.220001,361.220001,23786200
20-03-2020,438.200012,477,425.790009,427.529999,427.529999,28285500
23-03-2020,433.600006,442,410.5,434.290009,434.290009,16454500
25-03-2020,545.25,557,511.109985,539.25,539.25,21222700
26-03-2020,547.390015,560,512.25,528.159973,528.159973,17380700
30-03-2020,510.26001,516.650024,491.230011,502.130005,502.130005,11998100
31-03-2020,501.25,542.960022,497,524,524,17771500
02-04-2020,481.029999,494.26001,446.399994,454.470001,454.470001,19858400
03-04-2020,509.5,515.48999,468.390015,480.01001,480.01001,22514700
